Title,Media URL,Pinterest board,Thumbnail,Description,Link,Publish date,Keywords
"Brand-new designer bags on sale this week",https://pieceworth.com/pins/picks-new-designer-bags-on-sale.jpg,"Designer bags for less",,"Unworn designer bags with tags, reduced by at least 30%: Prada, Saint Laurent, Gucci, Burberry and more. Hand-picked every week.",https://pieceworth.com/picks/new-designer-bags-on-sale/?utm_source=pinterest&utm_medium=social&utm_campaign=pin-csv&utm_content=picks-new-designer-bags-on-sale,2026-09-30T07:00:00,"designer bags sale, luxury bags on sale, designer handbags"
"Is Italist legit? What to know before you order",https://pieceworth.com/pins/is-italist-legit.jpg,"Luxury shopping guides",,"How Italist works, its authenticity guarantee, delivery, duties and the return rules that catch people out. Free guide, step by step.",https://pieceworth.com/guides/is-italist-legit/?utm_source=pinterest&utm_medium=social&utm_campaign=pin-csv&utm_content=is-italist-legit,2026-09-30T19:00:00,""
"Is Hardly Ever Worn It (HEWI) legit? How buying pre-owned works",https://pieceworth.com/pins/is-hardly-ever-worn-it-legit.jpg,"Luxury shopping guides",,"Private sellers vs items managed by HEWI, authentication, payment protection, returns and duties. Free guide, step by step.",https://pieceworth.com/guides/is-hardly-ever-worn-it-legit/?utm_source=pinterest&utm_medium=social&utm_campaign=pin-csv&utm_content=is-hardly-ever-worn-it-legit,2026-10-01T07:00:00,""
"New at a discount or pre-owned: how to pay less for a designer piece",https://pieceworth.com/pins/new-at-a-discount-or-pre-owned.jpg,"Designer bags for less",,"Three ways to buy luxury for less, and which one fits the piece you want. Free guide, step by step.",https://pieceworth.com/guides/new-at-a-discount-or-pre-owned/?utm_source=pinterest&utm_medium=social&utm_campaign=pin-csv&utm_content=new-at-a-discount-or-pre-owned,2026-10-01T19:00:00,""
"Buying luxury from Italy or the UK: will you pay import duties?",https://pieceworth.com/pins/import-duties-luxury-from-italy-or-uk.jpg,"Luxury shopping guides",,"When duties are included at checkout, when they're charged on delivery, and how to avoid surprises. Free guide, step by step.",https://pieceworth.com/guides/import-duties-luxury-from-italy-or-uk/?utm_source=pinterest&utm_medium=social&utm_campaign=pin-csv&utm_content=import-duties-luxury-from-italy-or-uk,2026-10-02T07:00:00,""
"Where to buy Bottega Veneta for less",https://pieceworth.com/pins/where-to-buy-bottega-veneta-for-less.jpg,"Designer bags for less",,"Discounted new pieces from Italian boutiques, or pre-owned: how to pay less for Bottega Veneta without taking risks. Free guide, step by step.",https://pieceworth.com/guides/where-to-buy-bottega-veneta-for-less/?utm_source=pinterest&utm_medium=social&utm_campaign=pin-csv&utm_content=where-to-buy-bottega-veneta-for-less,2026-10-02T19:00:00,""
"Italist or the brand's official store: where should you buy?",https://pieceworth.com/pins/italist-or-the-brand-official-store.jpg,"Luxury shopping guides",,"Price, authenticity, delivery and returns compared, so you know when each option makes sense. Free guide, step by step.",https://pieceworth.com/guides/italist-or-the-brand-official-store/?utm_source=pinterest&utm_medium=social&utm_campaign=pin-csv&utm_content=italist-or-the-brand-official-store,2026-10-03T07:00:00,""
"Buying pre-owned luxury for the first time: a simple method",https://pieceworth.com/pins/buying-pre-owned-luxury-first-time.jpg,"Designer bags for less",,"Where to buy, what to check on the listing, and how to stay protected on your first pre-owned designer piece. Free guide, step by step.",https://pieceworth.com/guides/buying-pre-owned-luxury-first-time/?utm_source=pinterest&utm_medium=social&utm_campaign=pin-csv&utm_content=buying-pre-owned-luxury-first-time,2026-10-03T19:00:00,""
"How to check a pre-owned designer bag before you buy",https://pieceworth.com/pins/check-designer-bag-before-buying-pre-owned.jpg,"Designer bags for less",,"The photos to ask for, the warning signs, and what to do if you still have a doubt. Free guide, step by step.",https://pieceworth.com/guides/check-designer-bag-before-buying-pre-owned/?utm_source=pinterest&utm_medium=social&utm_campaign=pin-csv&utm_content=check-designer-bag-before-buying-pre-owned,2026-10-04T07:00:00,""
